<?xml version="1.0" encoding="UTF-8"?>
<RED Nombre="Sin nombre" Descripción="">
  <CAPAS>
    <CAPA>
      <NODO Entradas="2" Salidas="1">
        <SLD Nombre="Sin nombre" Descripción="">
          <ENTRADAS>
            <VARIABLE Nombre="Entrada 1" Mínimo="-1.000000" Máximo="1.000000" Intervalos="20">
              <DIFUSOR Tipo="8" Puntos="1" Centro="0.200000">
                <PUNTO X="0.195000"/>
                <PUNTO X="0.205000"/>
              </DIFUSOR>
              <ETIQUETA Nombre="Conjunto 1" Tipo="0">
                <PUNTO X="-0.500000"/>
                <PUNTO X="0.000000"/>
              </ETIQUETA>
              <ETIQUETA Nombre="Conjunto 2" Tipo="1">
                <PUNTO X="-0.500000"/>
                <PUNTO X="0.000000"/>
                <PUNTO X="0.500000"/>
              </ETIQUETA>
              <ETIQUETA Nombre="Conjunto 3" Tipo="3">
                <PUNTO X="0.000000"/>
                <PUNTO X="0.500000"/>
              </ETIQUETA>
            </VARIABLE>
            <VARIABLE Nombre="Entrada 2" Mínimo="-1.000000" Máximo="1.000000" Intervalos="20">
              <DIFUSOR Tipo="8" Puntos="1" Centro="0.200000">
                <PUNTO X="0.195000"/>
                <PUNTO X="0.205000"/>
              </DIFUSOR>
              <ETIQUETA Nombre="Conjunto 1" Tipo="0">
                <PUNTO X="-0.500000"/>
                <PUNTO X="0.000000"/>
              </ETIQUETA>
              <ETIQUETA Nombre="Conjunto 2" Tipo="1">
                <PUNTO X="-0.500000"/>
                <PUNTO X="0.000000"/>
                <PUNTO X="0.500000"/>
              </ETIQUETA>
              <ETIQUETA Nombre="Conjunto 3" Tipo="3">
                <PUNTO X="0.000000"/>
                <PUNTO X="0.500000"/>
              </ETIQUETA>
            </VARIABLE>
          </ENTRADAS>
          <SALIDAS>
            <VARIABLE Nombre="Salida 1" Mínimo="-1.000000" Máximo="1.000000" Intervalos="20">
              <ETIQUETA Nombre="Conjunto 1" Tipo="0">
                <PUNTO X="-0.500000"/>
                <PUNTO X="0.000000"/>
              </ETIQUETA>
              <ETIQUETA Nombre="Conjunto 2" Tipo="1">
                <PUNTO X="-0.500000"/>
                <PUNTO X="0.000000"/>
                <PUNTO X="0.500000"/>
              </ETIQUETA>
              <ETIQUETA Nombre="Conjunto 3" Tipo="3">
                <PUNTO X="0.000000"/>
                <PUNTO X="0.500000"/>
              </ETIQUETA>
            </VARIABLE>
          </SALIDAS>
          <MOTOR>
            <IMPLICACIÓN Tipo="1"/>
            <COMPOSICIÓN Tipo="1" Parámetro="0.000000"/>
            <AND Tipo="1" Parámetro="0.000000"/>
            <BASE Entradas="2" Salidas="1">
              <REGLA Certeza="1.000000">
                <ANTECEDENTE Variable="0" Etiqueta="0" Modificador="1.000000"/>
                <ANTECEDENTE Variable="1" Etiqueta="0" Modificador="1.000000"/>
                <CONSECUENTE Variable="0" Etiqueta="0"/>
              </REGLA>
              <REGLA Certeza="1.000000">
                <ANTECEDENTE Variable="0" Etiqueta="0" Modificador="1.000000"/>
                <ANTECEDENTE Variable="1" Etiqueta="1" Modificador="1.000000"/>
                <CONSECUENTE Variable="0" Etiqueta="0"/>
              </REGLA>
              <REGLA Certeza="1.000000">
                <ANTECEDENTE Variable="0" Etiqueta="0" Modificador="1.000000"/>
                <ANTECEDENTE Variable="1" Etiqueta="2" Modificador="1.000000"/>
                <CONSECUENTE Variable="0" Etiqueta="1"/>
              </REGLA>
              <REGLA Certeza="1.000000">
                <ANTECEDENTE Variable="0" Etiqueta="1" Modificador="1.000000"/>
                <ANTECEDENTE Variable="1" Etiqueta="0" Modificador="1.000000"/>
                <CONSECUENTE Variable="0" Etiqueta="0"/>
              </REGLA>
              <REGLA Certeza="1.000000">
                <ANTECEDENTE Variable="0" Etiqueta="1" Modificador="1.000000"/>
                <ANTECEDENTE Variable="1" Etiqueta="1" Modificador="1.000000"/>
                <CONSECUENTE Variable="0" Etiqueta="1"/>
              </REGLA>
              <REGLA Certeza="1.000000">
                <ANTECEDENTE Variable="0" Etiqueta="1" Modificador="1.000000"/>
                <ANTECEDENTE Variable="1" Etiqueta="2" Modificador="1.000000"/>
                <CONSECUENTE Variable="0" Etiqueta="1"/>
              </REGLA>
              <REGLA Certeza="1.000000">
                <ANTECEDENTE Variable="0" Etiqueta="2" Modificador="1.000000"/>
                <ANTECEDENTE Variable="1" Etiqueta="0" Modificador="1.000000"/>
                <CONSECUENTE Variable="0" Etiqueta="1"/>
              </REGLA>
              <REGLA Certeza="1.000000">
                <ANTECEDENTE Variable="0" Etiqueta="2" Modificador="1.000000"/>
                <ANTECEDENTE Variable="1" Etiqueta="1" Modificador="1.000000"/>
                <CONSECUENTE Variable="0" Etiqueta="1"/>
              </REGLA>
              <REGLA Certeza="1.000000">
                <ANTECEDENTE Variable="0" Etiqueta="2" Modificador="1.000000"/>
                <ANTECEDENTE Variable="1" Etiqueta="2" Modificador="1.000000"/>
                <CONSECUENTE Variable="0" Etiqueta="2"/>
              </REGLA>
            </BASE>
          </MOTOR>
          <CONCRECIÓN>
            <CONCRESOR Variable="0" Tipo="3"/>
            <CONJUNCIÓN Tipo="10" Parámetro="0.000000"/>
          </CONCRECIÓN>
        </SLD>
      </NODO>
      <NODO Entradas="2" Salidas="1">
        <SLD Nombre="Sin nombre" Descripción="">
          <ENTRADAS>
            <VARIABLE Nombre="Entrada 1" Mínimo="-1.000000" Máximo="1.000000" Intervalos="20">
              <DIFUSOR Tipo="8" Puntos="1" Centro="-0.200000">
                <PUNTO X="-0.205000"/>
                <PUNTO X="-0.195000"/>
              </DIFUSOR>
              <ETIQUETA Nombre="Conjunto 1" Tipo="0">
                <PUNTO X="-0.500000"/>
                <PUNTO X="0.000000"/>
              </ETIQUETA>
              <ETIQUETA Nombre="Conjunto 2" Tipo="1">
                <PUNTO X="-0.500000"/>
                <PUNTO X="0.000000"/>
                <PUNTO X="0.500000"/>
              </ETIQUETA>
              <ETIQUETA Nombre="Conjunto 3" Tipo="3">
                <PUNTO X="0.000000"/>
                <PUNTO X="0.500000"/>
              </ETIQUETA>
            </VARIABLE>
            <VARIABLE Nombre="Entrada 2" Mínimo="-1.000000" Máximo="1.000000" Intervalos="20">
              <DIFUSOR Tipo="8" Puntos="1" Centro="-0.200000">
                <PUNTO X="-0.205000"/>
                <PUNTO X="-0.195000"/>
              </DIFUSOR>
              <ETIQUETA Nombre="Conjunto 1" Tipo="0">
                <PUNTO X="-0.500000"/>
                <PUNTO X="0.000000"/>
              </ETIQUETA>
              <ETIQUETA Nombre="Conjunto 2" Tipo="1">
                <PUNTO X="-0.500000"/>
                <PUNTO X="0.000000"/>
                <PUNTO X="0.500000"/>
              </ETIQUETA>
              <ETIQUETA Nombre="Conjunto 3" Tipo="3">
                <PUNTO X="0.000000"/>
                <PUNTO X="0.500000"/>
              </ETIQUETA>
            </VARIABLE>
          </ENTRADAS>
          <SALIDAS>
            <VARIABLE Nombre="Salida 1" Mínimo="-1.000000" Máximo="1.000000" Intervalos="20">
              <ETIQUETA Nombre="Conjunto 1" Tipo="0">
                <PUNTO X="-0.500000"/>
                <PUNTO X="0.000000"/>
              </ETIQUETA>
              <ETIQUETA Nombre="Conjunto 2" Tipo="1">
                <PUNTO X="-0.500000"/>
                <PUNTO X="0.000000"/>
                <PUNTO X="0.500000"/>
              </ETIQUETA>
              <ETIQUETA Nombre="Conjunto 3" Tipo="3">
                <PUNTO X="0.000000"/>
                <PUNTO X="0.500000"/>
              </ETIQUETA>
            </VARIABLE>
          </SALIDAS>
          <MOTOR>
            <IMPLICACIÓN Tipo="1"/>
            <COMPOSICIÓN Tipo="1" Parámetro="0.000000"/>
            <AND Tipo="1" Parámetro="0.000000"/>
            <BASE Entradas="2" Salidas="1">
              <REGLA Certeza="1.000000">
                <ANTECEDENTE Variable="0" Etiqueta="0" Modificador="1.000000"/>
                <ANTECEDENTE Variable="1" Etiqueta="0" Modificador="1.000000"/>
                <CONSECUENTE Variable="0" Etiqueta="0"/>
              </REGLA>
              <REGLA Certeza="1.000000">
                <ANTECEDENTE Variable="0" Etiqueta="0" Modificador="1.000000"/>
                <ANTECEDENTE Variable="1" Etiqueta="1" Modificador="1.000000"/>
                <CONSECUENTE Variable="0" Etiqueta="0"/>
              </REGLA>
              <REGLA Certeza="1.000000">
                <ANTECEDENTE Variable="0" Etiqueta="0" Modificador="1.000000"/>
                <ANTECEDENTE Variable="1" Etiqueta="2" Modificador="1.000000"/>
                <CONSECUENTE Variable="0" Etiqueta="1"/>
              </REGLA>
              <REGLA Certeza="1.000000">
                <ANTECEDENTE Variable="0" Etiqueta="1" Modificador="1.000000"/>
                <ANTECEDENTE Variable="1" Etiqueta="0" Modificador="1.000000"/>
                <CONSECUENTE Variable="0" Etiqueta="0"/>
              </REGLA>
              <REGLA Certeza="1.000000">
                <ANTECEDENTE Variable="0" Etiqueta="1" Modificador="1.000000"/>
                <ANTECEDENTE Variable="1" Etiqueta="1" Modificador="1.000000"/>
                <CONSECUENTE Variable="0" Etiqueta="1"/>
              </REGLA>
              <REGLA Certeza="1.000000">
                <ANTECEDENTE Variable="0" Etiqueta="1" Modificador="1.000000"/>
                <ANTECEDENTE Variable="1" Etiqueta="2" Modificador="1.000000"/>
                <CONSECUENTE Variable="0" Etiqueta="1"/>
              </REGLA>
              <REGLA Certeza="1.000000">
                <ANTECEDENTE Variable="0" Etiqueta="2" Modificador="1.000000"/>
                <ANTECEDENTE Variable="1" Etiqueta="0" Modificador="1.000000"/>
                <CONSECUENTE Variable="0" Etiqueta="1"/>
              </REGLA>
              <REGLA Certeza="1.000000">
                <ANTECEDENTE Variable="0" Etiqueta="2" Modificador="1.000000"/>
                <ANTECEDENTE Variable="1" Etiqueta="1" Modificador="1.000000"/>
                <CONSECUENTE Variable="0" Etiqueta="1"/>
              </REGLA>
              <REGLA Certeza="1.000000">
                <ANTECEDENTE Variable="0" Etiqueta="2" Modificador="1.000000"/>
                <ANTECEDENTE Variable="1" Etiqueta="2" Modificador="1.000000"/>
                <CONSECUENTE Variable="0" Etiqueta="2"/>
              </REGLA>
            </BASE>
          </MOTOR>
          <CONCRECIÓN>
            <CONCRESOR Variable="0" Tipo="3"/>
            <CONJUNCIÓN Tipo="10" Parámetro="0.000000"/>
          </CONCRECIÓN>
        </SLD>
      </NODO>
    </CAPA>
    <CAPA>
      <NODO Entradas="2" Salidas="1">
        <SLD Nombre="Sin nombre" Descripción="">
          <ENTRADAS>
            <VARIABLE Nombre="Entrada 1" Mínimo="-1.000000" Máximo="1.000000" Intervalos="20">
              <DIFUSOR Tipo="8" Puntos="1" Centro="0.270858">
                <PUNTO X="0.265858"/>
                <PUNTO X="0.275858"/>
              </DIFUSOR>
              <ETIQUETA Nombre="Conjunto 1" Tipo="0">
                <PUNTO X="-0.500000"/>
                <PUNTO X="0.000000"/>
              </ETIQUETA>
              <ETIQUETA Nombre="Conjunto 2" Tipo="1">
                <PUNTO X="-0.500000"/>
                <PUNTO X="0.000000"/>
                <PUNTO X="0.500000"/>
              </ETIQUETA>
              <ETIQUETA Nombre="Conjunto 3" Tipo="3">
                <PUNTO X="0.000000"/>
                <PUNTO X="0.500000"/>
              </ETIQUETA>
            </VARIABLE>
            <VARIABLE Nombre="Entrada 2" Mínimo="-1.000000" Máximo="1.000000" Intervalos="20">
              <DIFUSOR Tipo="8" Puntos="1" Centro="-0.282870">
                <PUNTO X="-0.287870"/>
                <PUNTO X="-0.277870"/>
              </DIFUSOR>
              <ETIQUETA Nombre="Conjunto 1" Tipo="0">
                <PUNTO X="-0.500000"/>
                <PUNTO X="0.000000"/>
              </ETIQUETA>
              <ETIQUETA Nombre="Conjunto 2" Tipo="1">
                <PUNTO X="-0.500000"/>
                <PUNTO X="0.000000"/>
                <PUNTO X="0.500000"/>
              </ETIQUETA>
              <ETIQUETA Nombre="Conjunto 3" Tipo="3">
                <PUNTO X="0.000000"/>
                <PUNTO X="0.500000"/>
              </ETIQUETA>
            </VARIABLE>
          </ENTRADAS>
          <SALIDAS>
            <VARIABLE Nombre="Salida 1" Mínimo="-1.000000" Máximo="1.000000" Intervalos="20">
              <ETIQUETA Nombre="Conjunto 1" Tipo="0">
                <PUNTO X="-0.500000"/>
                <PUNTO X="0.000000"/>
              </ETIQUETA>
              <ETIQUETA Nombre="Conjunto 2" Tipo="1">
                <PUNTO X="-0.500000"/>
                <PUNTO X="0.000000"/>
                <PUNTO X="0.500000"/>
              </ETIQUETA>
              <ETIQUETA Nombre="Conjunto 3" Tipo="3">
                <PUNTO X="0.000000"/>
                <PUNTO X="0.500000"/>
              </ETIQUETA>
            </VARIABLE>
          </SALIDAS>
          <MOTOR>
            <IMPLICACIÓN Tipo="1"/>
            <COMPOSICIÓN Tipo="1" Parámetro="0.000000"/>
            <AND Tipo="1" Parámetro="0.000000"/>
            <BASE Entradas="2" Salidas="1">
              <REGLA Certeza="1.000000">
                <ANTECEDENTE Variable="0" Etiqueta="0" Modificador="1.000000"/>
                <ANTECEDENTE Variable="1" Etiqueta="0" Modificador="1.000000"/>
                <CONSECUENTE Variable="0" Etiqueta="0"/>
              </REGLA>
              <REGLA Certeza="1.000000">
                <ANTECEDENTE Variable="0" Etiqueta="0" Modificador="1.000000"/>
                <ANTECEDENTE Variable="1" Etiqueta="1" Modificador="1.000000"/>
                <CONSECUENTE Variable="0" Etiqueta="0"/>
              </REGLA>
              <REGLA Certeza="1.000000">
                <ANTECEDENTE Variable="0" Etiqueta="0" Modificador="1.000000"/>
                <ANTECEDENTE Variable="1" Etiqueta="2" Modificador="1.000000"/>
                <CONSECUENTE Variable="0" Etiqueta="1"/>
              </REGLA>
              <REGLA Certeza="1.000000">
                <ANTECEDENTE Variable="0" Etiqueta="1" Modificador="1.000000"/>
                <ANTECEDENTE Variable="1" Etiqueta="0" Modificador="1.000000"/>
                <CONSECUENTE Variable="0" Etiqueta="0"/>
              </REGLA>
              <REGLA Certeza="1.000000">
                <ANTECEDENTE Variable="0" Etiqueta="1" Modificador="1.000000"/>
                <ANTECEDENTE Variable="1" Etiqueta="1" Modificador="1.000000"/>
                <CONSECUENTE Variable="0" Etiqueta="1"/>
              </REGLA>
              <REGLA Certeza="1.000000">
                <ANTECEDENTE Variable="0" Etiqueta="1" Modificador="1.000000"/>
                <ANTECEDENTE Variable="1" Etiqueta="2" Modificador="1.000000"/>
                <CONSECUENTE Variable="0" Etiqueta="1"/>
              </REGLA>
              <REGLA Certeza="1.000000">
                <ANTECEDENTE Variable="0" Etiqueta="2" Modificador="1.000000"/>
                <ANTECEDENTE Variable="1" Etiqueta="0" Modificador="1.000000"/>
                <CONSECUENTE Variable="0" Etiqueta="1"/>
              </REGLA>
              <REGLA Certeza="1.000000">
                <ANTECEDENTE Variable="0" Etiqueta="2" Modificador="1.000000"/>
                <ANTECEDENTE Variable="1" Etiqueta="1" Modificador="1.000000"/>
                <CONSECUENTE Variable="0" Etiqueta="1"/>
              </REGLA>
              <REGLA Certeza="1.000000">
                <ANTECEDENTE Variable="0" Etiqueta="2" Modificador="1.000000"/>
                <ANTECEDENTE Variable="1" Etiqueta="2" Modificador="1.000000"/>
                <CONSECUENTE Variable="0" Etiqueta="2"/>
              </REGLA>
            </BASE>
          </MOTOR>
          <CONCRECIÓN>
            <CONCRESOR Variable="0" Tipo="3"/>
            <CONJUNCIÓN Tipo="10" Parámetro="0.000000"/>
          </CONCRECIÓN>
        </SLD>
      </NODO>
    </CAPA>
  </CAPAS>
  <ENLACES>
    <ENLACE CapaEntrada="1" NodoEntrada="0" PinEntrada="1" CapaSalida="0" NodoSalida="1" PinSalida="0"/>
    <ENLACE CapaEntrada="1" NodoEntrada="0" PinEntrada="0" CapaSalida="0" NodoSalida="0" PinSalida="0"/>
  </ENLACES>
</RED>
